{"sections":{"main":{"type":"main-collection","settings":{"show_collection_info":true,"show_collection_image":false,"apply_overlay":true,"show_color_swatch":false,"show_vendor":false,"collection_image_size":"normal","show_sort_by":false,"show_layout_switch":false,"toolbar_position":"top","show_filters":false,"show_filter_color_swatch":false,"expand_filters":false,"filter_position":"sidebar","filter_menu":"","grid_items_per_page":8,"grid_mobile_items_per_row":"2","grid_desktop_items_per_row":4}},"recently-viewed-products":{"type":"recently-viewed-products","settings":{"title":"Recently viewed","show_product_info":true,"show_vendor":false,"show_color_swatch":false}}},"order":["main","recently-viewed-products"]}