{"sections":{"video_hero_multi_4PXHHC":{"type":"Video-hero-multi","name":"Video Hero with Border","settings":{"show_brand_logo":true,"brand_name":"WHITECOBRA","brand_subtitle":"","heading":"SPRING-SUMMER 2025","women_label":"","men_label":"","video_desktop":"https:\/\/cdn.shopify.com\/videos\/c\/o\/v\/6054fa2be7d84479a2a1d259a24dbb66.mp4","video_mobile":"https:\/\/cdn.shopify.com\/videos\/c\/o\/v\/ab7b6bd1bf2c48ae965fa07c539f19fe.mp4","link_women":"","link_men":""}},"custom_collection_grid_GiBdUd":{"type":"Custom-collection-grid","blocks":{"collection_CAVgjK":{"type":"collection","settings":{"collection":"limitless-bottoms","image":"shopify:\/\/shop_images\/DSC04237_2_1.png","title":"","link_women":"shopify:\/\/collections\/limitless-bottoms","link_men":"shopify:\/\/collections\/limitless-bottoms","content_position":"flex-end","image_alignment":"center"}},"collection_PyRPTq":{"type":"collection","settings":{"collection":"limitless-shirts","image":"shopify:\/\/shop_images\/DSC05126.png","title":"","link_women":"shopify:\/\/collections\/limitless-shirts","link_men":"shopify:\/\/collections\/limitless-shirts","content_position":"flex-end","image_alignment":"center"}}},"block_order":["collection_CAVgjK","collection_PyRPTq"],"name":"Custom Collection Grid","settings":{"main_heading":"EXPLORE SUMMER COLLECTION"}},"collection_grid_wc_QMGY9L":{"type":"Collection-grid-WC","blocks":{"collection_6NLmBV":{"type":"collection","settings":{"collection":"jackets","image":"shopify:\/\/shop_images\/DSC04617_1.png","title":"","link":"shopify:\/\/collections\/jackets","button_text":"Shop Now","content_position":"flex-end","image_alignment":"center"}}},"block_order":["collection_6NLmBV"],"name":"Collection Grid - Shop Now","settings":{"main_heading":"SHOP THE LIMITLESS COLLECTION"}},"white_cobra_culture_ehcbb6":{"type":"White-Cobra-Culture","blocks":{"culture_item_9BxPH3":{"type":"culture_item","settings":{"image":"shopify:\/\/shop_images\/DSC04683_1.jpg","title":"Culture Item"}},"culture_item_AFdVe6":{"type":"culture_item","settings":{"image":"shopify:\/\/shop_images\/DSC04218.jpg","title":"Culture Item"}},"culture_item_jBwjnf":{"type":"culture_item","settings":{"image":"shopify:\/\/shop_images\/DSC05457.jpg","title":"Culture Item"}},"culture_item_FB4f9k":{"type":"culture_item","settings":{"image":"shopify:\/\/shop_images\/DSC04236.jpg","title":"Culture Item"}}},"block_order":["culture_item_9BxPH3","culture_item_AFdVe6","culture_item_jBwjnf","culture_item_FB4f9k"],"disabled":true,"name":"White Cobra Culture","settings":{"title":"White Cobra Culture","background_color":"#f5f5f5","title_color":"#000000","label_color":"#000000","auto_rotate":false,"rotate_speed":5}},"video_slider_3YFr7j":{"type":"Video-slider","blocks":{"testimonial_9hTcUc":{"type":"testimonial","settings":{"video":"shopify:\/\/files\/videos\/NOC 3.mp4"}},"testimonial_Xz4k3k":{"type":"testimonial","settings":{"video":"shopify:\/\/files\/videos\/iron 03 reel (in) v2.mp4"}},"testimonial_y8D4V7":{"type":"testimonial","settings":{"video":"shopify:\/\/files\/videos\/WC OUT SOON REEL 01.mp4"}}},"block_order":["testimonial_9hTcUc","testimonial_Xz4k3k","testimonial_y8D4V7"],"name":"Videos slider","settings":{"title":"","heading_size":"h1","heading_alignment":"center","heading_tag":"h2","padding_top":4,"padding_bottom":4}},"newsletter_cDQXet":{"type":"Newsletter","name":"Newsletter Signup","settings":{"heading":"SIGN UP FOR WHITECOBRA UPDATES","description":"<p>Leave us your email id and we’ll keep you updated on exciting developments, new collections & special offers.<\/p>","show_gender":true,"button_text":"SUBSCRIBE","background_color":"#f5f5f5"}},"customer_support_section_mNrbp6":{"type":"customer-support-section","name":"Customer Support Sections","settings":{"background_color":"#f8f8f8","section_padding":15,"care_title":"CUSTOMER CARE","care_text":"Do you have any questions? We are here to help you. You can contact our customer care team by email or over the phone.","care_button_text":"GET IN TOUCH","care_button_link":"shopify:\/\/pages\/contact-us","faq_title":"FAQ","faq_text":"Find all the answers to the frequently asked questions below.","faq_button_text":"SEE OUR FAQS","faq_button_link":"shopify:\/\/pages\/faqs"}},"logo_social_wc_8EjtXw":{"type":"Logo-social-WC","name":"Mobile Logo Banner","settings":{"logo":"shopify:\/\/shop_images\/logo_option_2-01.png","logo_link":"\/","facebook_url":"https:\/\/www.facebook.com\/people\/White-Cobra\/61568175443650\/","instagram_url":"https:\/\/www.instagram.com\/whitecobraclothing\/","twitter_url":"","tiktok_url":"","youtube_url":"","pinterest_url":"","snapchat_url":"","background_color":"#f1f1f1","icon_color":"#000000"}},"custom_text_block_xMhQeL":{"type":"Custom-text-block","name":"Custom Text Block","settings":{"heading":"WHITE COBRA CULTURE","text":"<p>White Cobra is revolutionizing streetwear for the bold and fearless. We empower your unique style with premium apparel and cutting-edge trends. Join us on a journey where confidence and fashion collide.<\/p>","heading_font":"poppins_n7","heading_size":16,"body_font":"helvetica_n4","body_size":12,"heading_color":"#000000","text_color":"#000000","background_color":"#ffffff","padding_top":10,"padding_bottom":15,"max_width":1200}}},"order":["video_hero_multi_4PXHHC","custom_collection_grid_GiBdUd","collection_grid_wc_QMGY9L","white_cobra_culture_ehcbb6","video_slider_3YFr7j","newsletter_cDQXet","customer_support_section_mNrbp6","logo_social_wc_8EjtXw","custom_text_block_xMhQeL"]}