{"sections":{"main":{"type":"main-product","blocks":{"product_meta":{"type":"product_meta","settings":{"show_vendor":false,"show_sku":false,"show_product_rating":false,"show_taxes_included":false}},"variant_selector_DJj3yi":{"type":"variant_selector","settings":{"selector_mode":"block","show_color_swatch":false,"show_color_carousel":false,"size_chart":"{{ product.metafields.custom.size_chart.value }}"}},"buy_buttons":{"type":"buy_buttons","settings":{"show_price_in_button":false,"show_payment_button":false}},"description":{"type":"description","settings":{}}},"block_order":["product_meta","variant_selector_DJj3yi","buy_buttons","description"],"settings":{"image_size":"large","stack_images":true,"show_thumbnails":true,"enable_image_zoom":true,"enable_video_looping":false}},"16369738186aba1d3f":{"type":"apps","settings":{"include_margins":true}},"loox-product-reviews-app-section":{"type":"apps","settings":{"include_margins":false}},"video_slider_bkxXUF":{"type":"Video-slider","blocks":{"testimonial_4RCYN3":{"type":"testimonial","settings":{"video":"shopify:\/\/files\/videos\/NOC 3.mp4"}},"testimonial_GAb9hi":{"type":"testimonial","settings":{"video":"shopify:\/\/files\/videos\/iron 03 reel (in) v2.mp4"}},"testimonial_9XcWbb":{"type":"testimonial","settings":{"video":"shopify:\/\/files\/videos\/WC OUT SOON REEL 01.mp4"}}},"block_order":["testimonial_4RCYN3","testimonial_GAb9hi","testimonial_9XcWbb"],"name":"Videos slider","settings":{"title":"","heading_size":"h1","heading_alignment":"center","heading_tag":"h2","padding_top":4,"padding_bottom":4}},"product-recommendations":{"type":"product-recommendations","settings":{"heading":"You may also like","show_product_info":true,"show_vendor":false,"show_color_swatch":false}},"newsletter_nBnMnR":{"type":"Newsletter","name":"Newsletter Signup","settings":{"heading":"SIGN UP FOR WHITECOBRA UPDATES","description":"<p>Be in the know about what's happening at the fashion house: never miss out on the latest trends, newest collections and exciting special projects.<\/p>","show_gender":true,"button_text":"SUBSCRIBE","background_color":"#f5f5f5"}},"customer_support_section_UDFH7Q":{"type":"customer-support-section","name":"Customer Support Sections","settings":{"background_color":"#f8f8f8","section_padding":15,"care_title":"CUSTOMER CARE","care_text":"Do you have any questions? We are here to help you. You can contact our customer care team by email or over the phone.","care_button_text":"GET IN TOUCH","care_button_link":"shopify:\/\/pages\/contact-us","faq_title":"FAQ","faq_text":"Find all the answers to the frequently asked questions below.","faq_button_text":"SEE OUR FAQS","faq_button_link":"shopify:\/\/pages\/faqs"}},"logo_social_wc_kgzQk9":{"type":"Logo-social-WC","name":"Mobile Logo Banner","settings":{"logo":"shopify:\/\/shop_images\/logo_option_2-01_534afbbe-3692-4edc-b98e-3ebb8a2466d1.png","logo_link":"\/","facebook_url":"https:\/\/www.facebook.com\/people\/White-Cobra\/61568175443650\/","instagram_url":"https:\/\/www.instagram.com\/whitecobraclothing\/","twitter_url":"","tiktok_url":"","youtube_url":"","pinterest_url":"","snapchat_url":"","background_color":"#f1f1f1","icon_color":"#000000"}},"custom_text_block_JUqFnN":{"type":"Custom-text-block","name":"Custom Text Block","settings":{"heading":"WHITE COBRA CULTURE","text":"<p>White Cobra is revolutionizing streetwear for the bold and fearless. We empower your unique style with premium apparel and cutting-edge trends. Join us on a journey where confidence and fashion collide.<\/p>","heading_font":"poppins_n5","heading_size":16,"body_font":"helvetica_n4","body_size":12,"heading_color":"#000000","text_color":"#000000","background_color":"#ffffff","padding_top":10,"padding_bottom":15,"max_width":1200}}},"order":["main","16369738186aba1d3f","loox-product-reviews-app-section","video_slider_bkxXUF","product-recommendations","newsletter_nBnMnR","customer_support_section_UDFH7Q","logo_social_wc_kgzQk9","custom_text_block_JUqFnN"]}